{"v":"5.5.5","fr":25,"ip":63,"op":126,"w":1242,"h":2688,"nm":"Page 6","ddd":0,"assets":[{"id":"image_0","w":610,"h":610,"u":"images/","p":"img_0.png","e":0},{"id":"image_1","w":810,"h":810,"u":"images/","p":"img_1.png","e":0},{"id":"image_2","w":873,"h":873,"u":"images/","p":"img_2.png","e":0},{"id":"image_3","w":952,"h":951,"u":"images/","p":"img_3.png","e":0},{"id":"comp_0","layers":[{"ddd":0,"ind":1,"ty":2,"nm":"Asset 4.png","cl":"png","refId":"image_0","sr":1,"ks":{"o":{"a":0,"k":100,"ix":11},"r":{"a":0,"k":0,"ix":10},"p":{"a":0,"k":[621,1228,0],"ix":2},"a":{"a":0,"k":[305,305,0],"ix":1},"s":{"a":1,"k":[{"i":{"x":[0.667,0.667,0.667],"y":[1,1,1]},"o":{"x":[0.333,0.333,0.333],"y":[0,0,0]},"t":16,"s":[0,0,100]},{"t":26,"s":[100,100,100]}],"ix":6}},"ao":0,"ip":16,"op":36,"st":16,"bm":0},{"ddd":0,"ind":2,"ty":2,"nm":"Asset 5.png","cl":"png","refId":"image_1","sr":1,"ks":{"o":{"a":0,"k":100,"ix":11},"r":{"a":0,"k":0,"ix":10},"p":{"a":0,"k":[621,1228,0],"ix":2},"a":{"a":0,"k":[405,405,0],"ix":1},"s":{"a":1,"k":[{"i":{"x":[0.667,0.667,0.667],"y":[1,1,1]},"o":{"x":[0.333,0.333,0.333],"y":[0,0,0]},"t":11,"s":[0,0,100]},{"t":21,"s":[100,100,100]}],"ix":6}},"ao":0,"ip":11,"op":36,"st":11,"bm":0},{"ddd":0,"ind":3,"ty":2,"nm":"Asset 6.png","cl":"png","refId":"image_2","sr":1,"ks":{"o":{"a":0,"k":100,"ix":11},"r":{"a":0,"k":0,"ix":10},"p":{"a":0,"k":[621,1228,0],"ix":2},"a":{"a":0,"k":[436.5,436.5,0],"ix":1},"s":{"a":1,"k":[{"i":{"x":[0.667,0.667,0.667],"y":[1,1,1]},"o":{"x":[0.333,0.333,0.333],"y":[0,0,0]},"t":5,"s":[0,0,100]},{"t":15,"s":[100,100,100]}],"ix":6}},"ao":0,"ip":5,"op":36,"st":5,"bm":0},{"ddd":0,"ind":4,"ty":2,"nm":"Asset 7.png","cl":"png","refId":"image_3","sr":1,"ks":{"o":{"a":0,"k":100,"ix":11},"r":{"a":0,"k":0,"ix":10},"p":{"a":0,"k":[621,1228,0],"ix":2},"a":{"a":0,"k":[476,475.5,0],"ix":1},"s":{"a":1,"k":[{"i":{"x":[0.667,0.667,0.667],"y":[1,1,1]},"o":{"x":[0.333,0.333,0.333],"y":[0,0,0]},"t":0,"s":[0,0,100]},{"t":10,"s":[100,100,100]}],"ix":6}},"ao":0,"ip":0,"op":36,"st":0,"bm":0}]}],"layers":[{"ddd":0,"ind":4,"ty":0,"nm":"fx","refId":"comp_0","sr":1,"ks":{"o":{"a":0,"k":100,"ix":11},"r":{"a":0,"k":0,"ix":10},"p":{"a":0,"k":[621,1344,0],"ix":2},"a":{"a":0,"k":[621,1344,0],"ix":1},"s":{"a":0,"k":[100,100,100],"ix":6}},"ao":0,"tm":{"a":1,"k":[{"i":{"x":[0.833],"y":[0.833]},"o":{"x":[0.167],"y":[0.167]},"t":126,"s":[0]},{"i":{"x":[0.833],"y":[0.833]},"o":{"x":[0.167],"y":[0.167]},"t":162,"s":[1.44]},{"t":195,"s":[0]}],"ix":2},"w":1242,"h":2688,"ip":126,"op":876,"st":126,"bm":0},{"ddd":0,"ind":5,"ty":0,"nm":"fx","refId":"comp_0","sr":1,"ks":{"o":{"a":0,"k":100,"ix":11},"r":{"a":0,"k":0,"ix":10},"p":{"a":0,"k":[621,1344,0],"ix":2},"a":{"a":0,"k":[621,1344,0],"ix":1},"s":{"a":0,"k":[100,100,100],"ix":6}},"ao":0,"tm":{"a":1,"k":[{"i":{"x":[0.833],"y":[0.833]},"o":{"x":[0.167],"y":[0.167]},"t":63,"s":[0]},{"i":{"x":[0.833],"y":[0.833]},"o":{"x":[0.167],"y":[0.167]},"t":99,"s":[1.44]},{"t":132,"s":[0]}],"ix":2},"w":1242,"h":2688,"ip":63,"op":813,"st":63,"bm":0},{"ddd":0,"ind":6,"ty":0,"nm":"fx","refId":"comp_0","sr":1,"ks":{"o":{"a":0,"k":100,"ix":11},"r":{"a":0,"k":0,"ix":10},"p":{"a":0,"k":[621,1344,0],"ix":2},"a":{"a":0,"k":[621,1344,0],"ix":1},"s":{"a":0,"k":[100,100,100],"ix":6}},"ao":0,"tm":{"a":1,"k":[{"i":{"x":[0.833],"y":[0.833]},"o":{"x":[0.167],"y":[0.167]},"t":0,"s":[0]},{"i":{"x":[0.833],"y":[0.833]},"o":{"x":[0.167],"y":[0.167]},"t":36,"s":[1.44]},{"t":69,"s":[0]}],"ix":2},"w":1242,"h":2688,"ip":0,"op":750,"st":0,"bm":0}],"markers":[]}